id,first_name,last_name,email,gender,ip_address
1,Peggi,Kytley,pkytley0@cyberchimps.com,Female,30.21.77.123
2,Annie,Amthor,aamthor1@google.it,Female,89.133.254.156
3,Melisenda,Ellyatt,mellyatt2@pcworld.com,Female,240.52.246.75
4,Derk,Winterburn,dwinterburn3@wikispaces.com,Agender,220.119.219.219
5,Iain,Yea,iyea4@theguardian.com,Male,40.198.195.232
6,Enriqueta,Leupoldt,eleupoldt5@acquirethisname.com,Female,26.201.6.95
7,Ilka,Shann,ishann6@bandcamp.com,Female,236.244.8.204
8,Patin,Forrestill,pforrestill7@cdc.gov,Male,46.66.145.50
9,Davin,Cuniam,dcuniam8@google.com.au,Male,92.255.169.26
10,Jacobo,Tourle,jtourle9@slideshare.net,Male,136.42.50.6
11,Nanny,Dymick,ndymicka@list-manage.com,Female,97.28.236.51
12,Paxton,Gookes,pgookesb@youku.com,Male,148.15.85.70
13,Duncan,Chishull,dchishullc@drupal.org,Male,84.23.173.255
14,Stormie,Edrich,sedrichd@studiopress.com,Female,185.59.129.37
15,Myrah,Gorling,mgorlinge@sourceforge.net,Female,214.92.71.211
16,Ariadne,Kimber,akimberf@qq.com,Genderfluid,190.235.54.120
17,Demetria,Friberg,dfribergg@trellian.com,Female,253.229.241.15
18,Judon,Goddert.sf,jgoddertsfh@amazon.co.uk,Male,227.236.78.43
19,Zaccaria,McCoughan,zmccoughani@yellowbook.com,Male,166.194.240.182
20,Leodora,Paulon,lpaulonj@wikimedia.org,Female,0.184.69.34
21,Dominik,Haye,dhayek@examiner.com,Male,186.192.191.120
22,Grange,Bello,gbellol@vk.com,Male,71.108.23.99
23,Jewelle,Hassett,jhassettm@tripod.com,Female,182.121.5.102
24,Kriste,Burle,kburlen@bloglines.com,Female,123.140.200.150
25,Dorice,Klosser,dklossero@hao123.com,Polygender,28.227.167.164
26,Marlowe,Bierman,mbiermanp@cloudflare.com,Male,247.212.197.27
27,Devora,Edis,dedisq@webmd.com,Female,85.36.44.222
28,Gussi,Mason,gmasonr@usda.gov,Genderfluid,69.159.77.221
29,Barbi,Snipe,bsnipes@netvibes.com,Female,109.79.4.239
30,Isidora,Hailston,ihailstont@friendfeed.com,Female,207.195.104.78
31,Teddy,Cargon,tcargonu@census.gov,Non-binary,83.33.157.149
32,Xerxes,McConnell,xmcconnellv@amazonaws.com,Non-binary,193.134.196.56
33,Willem,Foard,wfoardw@wix.com,Agender,215.189.185.207
34,Andree,Phillput,aphillputx@twitpic.com,Female,232.213.229.1
35,Gloriane,Dehmel,gdehmely@stanford.edu,Female,65.26.130.33
36,Babara,Izakson,bizaksonz@google.it,Female,2.182.3.191
37,Leonidas,Wohler,lwohler10@fda.gov,Male,100.183.84.184
38,Berne,Bidwell,bbidwell11@ehow.com,Male,103.236.43.220
39,Shelby,Whyteman,swhyteman12@friendfeed.com,Male,3.126.218.135
40,Drusi,Oughton,doughton13@clickbank.net,Female,74.249.198.131
41,Idalina,Hankin,ihankin14@ask.com,Female,9.212.9.248
42,Aveline,Warbys,awarbys15@1688.com,Female,8.77.19.173
43,Caralie,Stillman,cstillman16@cyberchimps.com,Female,174.167.48.189
44,Kirby,Sanpher,ksanpher17@imageshack.us,Genderqueer,42.217.77.174
45,Abram,Thistleton,athistleton18@shutterfly.com,Male,35.154.53.134
46,Ezmeralda,Guiton,eguiton19@thetimes.co.uk,Female,53.248.110.4
47,Rory,Burchatt,rburchatt1a@w3.org,Male,0.122.80.139
48,Calypso,Jeary,cjeary1b@wordpress.org,Female,40.245.34.69
49,Lesli,Asplen,lasplen1c@furl.net,Female,119.159.60.62
50,Bethina,Macbeth,bmacbeth1d@theguardian.com,Female,176.24.225.226
51,Debi,Fosh,dfosh1e@fastcompany.com,Female,230.96.157.91
52,Bliss,Burras,bburras1f@blogspot.com,Female,61.165.136.201
53,Wilma,Batten,wbatten1g@nsw.gov.au,Female,161.14.161.233
54,Evelyn,Spykings,espykings1h@so-net.ne.jp,Genderfluid,115.175.86.151
55,Aloisia,Askie,aaskie1i@un.org,Female,157.22.158.173
56,Kippie,Thorp,kthorp1j@cargocollective.com,Female,110.1.56.106
57,Sayre,Davenell,sdavenell1k@unblog.fr,Female,153.198.221.138
58,Farrel,Handscomb,fhandscomb1l@unesco.org,Polygender,50.116.14.152
59,Orran,Temporal,otemporal1m@discovery.com,Male,203.27.29.151
60,Natal,Maydwell,nmaydwell1n@4shared.com,Male,209.119.37.195
61,Perle,Kinneir,pkinneir1o@msn.com,Female,9.251.1.57
62,Elisabet,Willoughey,ewilloughey1p@tamu.edu,Female,150.18.109.209
63,Murdoch,Siviter,msiviter1q@skyrock.com,Male,226.108.75.224
64,Augustin,Spreadbury,aspreadbury1r@etsy.com,Male,221.179.151.49
65,Yolanda,Bendix,ybendix1s@techcrunch.com,Female,25.121.103.25
66,Clea,Gutridge,cgutridge1t@ovh.net,Female,150.130.195.81
67,Spence,Taplow,staplow1u@bloglines.com,Male,134.212.241.152
68,Dallon,Bonar,dbonar1v@twitter.com,Male,140.34.48.228
69,Susan,Flux,sflux1w@dailymail.co.uk,Female,122.48.112.254
70,Katha,Billingsly,kbillingsly1x@networkadvertising.org,Female,171.207.110.184
71,Mina,Tolley,mtolley1y@ebay.com,Female,212.11.177.177
72,Johny,Renouf,jrenouf1z@bizjournals.com,Male,48.237.122.88
73,Lexy,Skilbeck,lskilbeck20@princeton.edu,Female,14.191.189.150
74,Devinne,Bullar,dbullar21@hugedomains.com,Female,86.242.173.139
75,Brendis,Fevers,bfevers22@globo.com,Male,138.56.17.222
76,Byrann,Legister,blegister23@tripod.com,Polygender,155.151.141.200
77,Joyous,Reijmers,jreijmers24@technorati.com,Non-binary,247.166.220.138
78,Stanfield,Alvaro,salvaro25@geocities.com,Male,34.76.43.46
79,Hermina,Brasher,hbrasher26@cisco.com,Female,122.225.127.12
80,Leupold,Rymour,lrymour27@ucoz.ru,Male,56.143.142.247
81,Malina,Loomis,mloomis28@sun.com,Female,59.69.94.243
82,Davidde,Ibeson,dibeson29@businessinsider.com,Male,213.167.53.200
83,Sara-ann,Smees,ssmees2a@booking.com,Polygender,34.64.1.91
84,Regina,Marchington,rmarchington2b@de.vu,Bigender,71.56.50.157
85,Randy,Casebourne,rcasebourne2c@nifty.com,Female,188.19.104.107
86,Gisela,O'Donovan,godonovan2d@51.la,Female,130.176.210.198
87,Shane,Rome,srome2e@epa.gov,Male,220.219.39.42
88,Neda,Bawles,nbawles2f@php.net,Female,15.201.66.93
89,Letitia,Chasmar,lchasmar2g@oakley.com,Non-binary,177.135.221.120
90,Emmery,Wayman,ewayman2h@who.int,Male,24.61.238.154
91,Cosme,Goulborn,cgoulborn2i@jiathis.com,Male,49.174.97.151
92,Jewel,Cavell,jcavell2j@opera.com,Genderfluid,103.195.204.185
93,Lethia,McClancy,lmcclancy2k@mac.com,Polygender,130.179.27.29
94,Darryl,Fair,dfair2l@huffingtonpost.com,Bigender,144.236.184.215
95,Seamus,Fawdry,sfawdry2m@tiny.cc,Male,98.121.211.247
96,Shalna,Benedyktowicz,sbenedyktowicz2n@msn.com,Female,137.154.235.227
97,Theadora,D'Elia,tdelia2o@mail.ru,Female,145.113.76.19
98,Magnum,Raithby,mraithby2p@hhs.gov,Male,176.192.208.30
99,Rhianna,Antoniou,rantoniou2q@wunderground.com,Female,151.105.93.51
100,Lionello,Kuller,lkuller2r@nba.com,Male,213.85.242.9
101,Hurley,Hinrichsen,hhinrichsen2s@clickbank.net,Non-binary,47.0.79.39
102,Parker,Gillingham,pgillingham2t@youtube.com,Male,76.42.30.237
103,Hillary,Challen,hchallen2u@ocn.ne.jp,Female,186.37.189.179
104,Sargent,Abisetti,sabisetti2v@51.la,Male,125.6.39.146
105,Romola,Shawcroft,rshawcroft2w@redcross.org,Female,77.227.55.145
106,Nita,Gateman,ngateman2x@youku.com,Female,198.157.56.213
107,Lorenzo,Welsh,lwelsh2y@webeden.co.uk,Male,80.230.249.195
108,North,Tenniswood,ntenniswood2z@nbcnews.com,Male,232.232.242.148
109,Kiel,Witard,kwitard30@google.com.br,Male,104.208.135.9
110,Jo ann,Menco,jmenco31@statcounter.com,Female,1.159.75.203
111,Noella,Antley,nantley32@freewebs.com,Female,115.218.194.25
112,Graeme,Widmore,gwidmore33@fda.gov,Male,236.113.218.107
113,Minna,Sandeford,msandeford34@artisteer.com,Bigender,23.27.72.131
114,Tades,Lidierth,tlidierth35@amazonaws.com,Male,175.213.63.115
115,Hervey,Monni,hmonni36@about.com,Male,112.44.68.11
116,Winfred,Derle,wderle37@jalbum.net,Male,179.48.88.30
117,Cash,Leglise,cleglise38@japanpost.jp,Male,201.122.126.22
118,Lesly,Thew,lthew39@ucsd.edu,Female,14.246.94.5
119,Felecia,Friend,ffriend3a@biglobe.ne.jp,Female,10.225.150.229
120,Trina,Dudhill,tdudhill3b@phoca.cz,Female,41.221.201.229
121,Jakie,Comport,jcomport3c@java.com,Male,127.203.29.231
122,Berenice,Rowswell,browswell3d@miitbeian.gov.cn,Female,9.184.225.228
123,Aubry,Scarasbrick,ascarasbrick3e@topsy.com,Female,211.162.44.27
124,Margette,Stedell,mstedell3f@cpanel.net,Female,163.65.85.25
125,Owen,Slateford,oslateford3g@google.cn,Male,20.15.5.255
126,Abbe,Rudgard,arudgard3h@dagondesign.com,Male,4.166.112.80
127,Giffard,Hove,ghove3i@fda.gov,Male,58.150.50.112
128,Sydel,Reicherz,sreicherz3j@hugedomains.com,Female,171.197.70.132
129,Alene,Tuting,atuting3k@wix.com,Female,5.129.11.183
130,Morgana,Gibbings,mgibbings3l@dedecms.com,Female,218.28.83.124
131,Valerie,Van Niekerk,vvanniekerk3m@senate.gov,Female,205.209.34.50
132,Renato,Bellefant,rbellefant3n@newyorker.com,Genderfluid,191.23.51.44
133,Cari,Sainer,csainer3o@mac.com,Female,174.9.191.147
134,Cherida,Goodge,cgoodge3p@shop-pro.jp,Female,149.213.159.89
135,Chastity,Shakesbye,cshakesbye3q@altervista.org,Female,3.87.28.24
136,Herb,Roxburgh,hroxburgh3r@wp.com,Male,208.202.30.248
137,Blair,Arnault,barnault3s@omniture.com,Female,26.97.171.198
138,Kissiah,Lissemore,klissemore3t@privacy.gov.au,Female,28.255.50.246
139,Joaquin,Issit,jissit3u@ebay.co.uk,Male,165.99.148.27
140,Dulcia,Brendel,dbrendel3v@ucoz.com,Female,108.76.7.25
141,Kissiah,Doram,kdoram3w@forbes.com,Female,172.200.193.42
142,Gwenny,Critchard,gcritchard3x@sbwire.com,Polygender,219.22.138.83
143,Kacie,Buckbee,kbuckbee3y@bizjournals.com,Female,234.207.25.24
144,Nannette,Barrington,nbarrington3z@naver.com,Genderfluid,46.150.160.236
145,Brinn,Avent,bavent40@ox.ac.uk,Female,69.241.157.247
146,Victoir,Tideswell,vtideswell41@newsvine.com,Male,236.183.189.191
147,Blisse,Kornousek,bkornousek42@over-blog.com,Female,75.78.248.178
148,Christopher,Erridge,cerridge43@unc.edu,Male,76.51.26.211
149,Enriqueta,Coupland,ecoupland44@noaa.gov,Female,217.131.72.79
150,Mozelle,O'Fairy,mofairy45@pcworld.com,Female,216.189.129.216
151,Marion,Gatland,mgatland46@earthlink.net,Female,12.56.205.16
152,Gwendolyn,Wilkison,gwilkison47@arizona.edu,Female,121.49.75.68
153,Toiboid,Quilter,tquilter48@abc.net.au,Male,31.40.72.203
154,Carr,Myerscough,cmyerscough49@gnu.org,Genderfluid,94.199.76.49
155,Micheline,Uttermare,muttermare4a@answers.com,Female,78.81.95.246
156,Harp,Dubble,hdubble4b@comcast.net,Male,214.197.252.57
157,Aluino,Greenhalf,agreenhalf4c@gravatar.com,Male,187.140.215.41
158,Darbie,Hurdle,dhurdle4d@cpanel.net,Female,244.51.233.133
159,Belinda,Balleine,bballeine4e@nba.com,Genderqueer,23.169.15.236
160,Eugine,Orviss,eorviss4f@yellowpages.com,Female,7.205.77.173
161,Daven,Baroche,dbaroche4g@jimdo.com,Male,105.80.144.109
162,Emmanuel,Walesby,ewalesby4h@goo.gl,Male,56.91.208.20
163,Gardy,Bulfield,gbulfield4i@gmpg.org,Male,60.213.53.196
164,Vernon,Merrgan,vmerrgan4j@amazon.de,Male,227.242.203.217
165,Yorke,Capstack,ycapstack4k@youtube.com,Male,159.94.183.37
166,Lois,Duncanson,lduncanson4l@mac.com,Female,201.61.114.239
167,Tresa,Dowsey,tdowsey4m@sphinn.com,Female,0.237.43.98
168,Isacco,Scheffler,ischeffler4n@oakley.com,Male,62.113.195.64
169,Ernesto,Colquhoun,ecolquhoun4o@wordpress.com,Male,34.32.250.93
170,Tallou,Bartak,tbartak4p@noaa.gov,Female,128.181.171.66
171,Wolfgang,Loakes,wloakes4q@squarespace.com,Male,210.129.73.191
172,Jereme,Peery,jpeery4r@netscape.com,Male,152.119.86.177
173,Taddeusz,Edinburough,tedinburough4s@ucoz.ru,Male,249.93.117.24
174,Theodoric,Privost,tprivost4t@bbc.co.uk,Male,110.177.115.75
175,Abram,Vinten,avinten4u@weibo.com,Male,241.162.123.179
176,Mattias,Medler,mmedler4v@nasa.gov,Male,186.137.233.215
177,Bethany,Radbourn,bradbourn4w@digg.com,Female,116.246.1.75
178,Shandra,Baggallay,sbaggallay4x@bloglines.com,Female,12.124.159.12
179,Moira,Wagnerin,mwagnerin4y@aol.com,Female,175.193.170.111
180,Halsy,Lidgley,hlidgley4z@ning.com,Male,113.127.62.144
181,Gloria,Creak,gcreak50@ucsd.edu,Female,49.125.183.147
182,Griffin,Tolussi,gtolussi51@posterous.com,Male,209.15.201.149
183,Rudiger,Tipling,rtipling52@huffingtonpost.com,Male,98.61.205.238
184,Heindrick,Tennet,htennet53@youtu.be,Male,196.220.165.131
185,Janos,Robjents,jrobjents54@ask.com,Male,244.102.63.115
186,Karoly,Feria,kferia55@cyberchimps.com,Male,80.39.28.19
187,Peder,Dowles,pdowles56@google.de,Male,176.211.51.249
188,Jeff,Mixture,jmixture57@ibm.com,Male,43.224.198.244
189,Yoshiko,Malinowski,ymalinowski58@list-manage.com,Female,134.198.143.79
190,Eldridge,Searl,esearl59@theguardian.com,Male,225.94.71.155
191,Iain,Spat,ispat5a@discovery.com,Male,26.189.50.93
192,Rodrigo,Burgoyne,rburgoyne5b@harvard.edu,Male,190.105.235.53
193,Marcelo,Trouncer,mtrouncer5c@elpais.com,Male,255.226.234.16
194,Melisande,Isakov,misakov5d@youtu.be,Female,118.251.173.52
195,Marlena,Elam,melam5e@foxnews.com,Female,49.27.229.246
196,Clerkclaude,Tipton,ctipton5f@yahoo.co.jp,Male,225.105.222.3
197,Kalil,Falconar,kfalconar5g@va.gov,Male,154.247.205.33
198,Emmalee,Ketchell,eketchell5h@vk.com,Female,210.206.222.161
199,Jessey,Fraulo,jfraulo5i@technorati.com,Male,106.33.233.110
200,West,Pennycook,wpennycook5j@chron.com,Male,100.174.240.212
201,Frayda,Beagen,fbeagen5k@blogtalkradio.com,Agender,92.210.43.59
202,Stanford,Surmeir,ssurmeir5l@eventbrite.com,Male,213.239.9.108
203,Nikki,Yakushkev,nyakushkev5m@telegraph.co.uk,Female,9.146.193.86
204,Nicola,Ivermee,nivermee5n@trellian.com,Agender,40.114.159.92
205,Dall,Middell,dmiddell5o@angelfire.com,Male,144.0.230.146
206,Kristofor,Tevlin,ktevlin5p@stumbleupon.com,Male,176.99.84.69
207,Gard,Barendtsen,gbarendtsen5q@parallels.com,Male,225.253.224.5
208,Charil,Gully,cgully5r@apache.org,Female,14.66.213.106
209,Quintana,Nutman,qnutman5s@craigslist.org,Female,37.34.22.189
210,Sherlock,Loadsman,sloadsman5t@examiner.com,Male,16.129.71.61
211,Giuseppe,Klain,gklain5u@sourceforge.net,Polygender,23.124.53.21
212,Myer,Atcheson,matcheson5v@mysql.com,Male,12.6.233.141
213,Rodney,Sleightholm,rsleightholm5w@cocolog-nifty.com,Male,59.62.162.34
214,Clementina,MacTague,cmactague5x@gizmodo.com,Female,183.173.2.48
215,Kerby,Flight,kflight5y@deviantart.com,Male,178.31.112.115
216,Danyelle,Branson,dbranson5z@zimbio.com,Bigender,57.232.204.115
217,Christopher,Doy,cdoy60@google.ru,Male,182.193.204.225
218,Tabbie,Coppen,tcoppen61@example.com,Male,58.252.218.64
219,Willy,Heatherington,wheatherington62@rediff.com,Male,143.107.6.139
220,Alleen,Prazer,aprazer63@cdc.gov,Female,226.82.236.69
221,Jacobo,Fouracre,jfouracre64@earthlink.net,Male,51.234.144.209
222,Millard,Tidder,mtidder65@sohu.com,Male,17.54.226.92
223,Erie,Alastair,ealastair66@discovery.com,Genderqueer,118.83.11.124
224,Janette,Brandenburg,jbrandenburg67@aboutads.info,Female,34.5.187.166
225,Annelise,Marney,amarney68@state.tx.us,Female,31.237.164.188
226,Jaynell,MacClay,jmacclay69@pagesperso-orange.fr,Female,46.47.136.104
227,Bryn,O'Brien,bobrien6a@artisteer.com,Male,136.198.202.134
228,Lulu,Bradbeer,lbradbeer6b@ezinearticles.com,Female,147.69.169.146
229,Gael,Thonason,gthonason6c@prnewswire.com,Male,13.187.86.166
230,Lucian,Coronado,lcoronado6d@aol.com,Male,219.132.57.104
231,Kaiser,Aggas,kaggas6e@cbslocal.com,Male,205.167.205.76
232,Marco,Woolner,mwoolner6f@miitbeian.gov.cn,Polygender,0.105.234.197
233,Mordecai,Burness,mburness6g@uiuc.edu,Male,114.97.186.73
234,Bernadine,Buttler,bbuttler6h@sciencedaily.com,Female,0.63.60.5
235,Joana,Lindsay,jlindsay6i@hhs.gov,Female,134.199.38.247
236,Reagen,Cornbill,rcornbill6j@chicagotribune.com,Male,116.37.13.67
237,Any,Ripping,aripping6k@shutterfly.com,Male,42.33.9.7
238,Chrystel,Baldam,cbaldam6l@dailymotion.com,Female,233.249.0.38
239,Kiley,Davy,kdavy6m@wp.com,Female,104.100.41.84
240,Lilly,Bodechon,lbodechon6n@hatena.ne.jp,Female,18.226.24.138
241,Horatius,Scotson,hscotson6o@joomla.org,Male,228.98.18.41
242,Israel,Sworne,isworne6p@ehow.com,Male,70.235.217.139
243,Harlin,Le Sarr,hlesarr6q@cmu.edu,Male,168.204.216.179
244,Vachel,Allum,vallum6r@economist.com,Male,146.210.236.155
245,Nolan,Duckinfield,nduckinfield6s@nasa.gov,Male,245.192.29.195
246,Elwood,Spieck,espieck6t@google.ca,Male,37.23.238.238
247,Dominga,Pothecary,dpothecary6u@wikia.com,Female,45.120.146.194
248,Edik,Errington,eerrington6v@moonfruit.com,Male,75.128.232.135
249,Myrvyn,Hilland,mhilland6w@quantcast.com,Agender,142.199.42.179
250,Adelle,Eldin,aeldin6x@cornell.edu,Female,235.84.120.153
251,Kasey,Scarse,kscarse6y@utexas.edu,Female,222.117.214.43
252,Caril,Fermer,cfermer6z@illinois.edu,Female,98.236.34.177
253,Leslie,Casini,lcasini70@nydailynews.com,Agender,73.52.232.116
254,Arri,Macellar,amacellar71@gizmodo.com,Genderqueer,64.102.50.211
255,Burl,Garriock,bgarriock72@globo.com,Non-binary,28.76.200.5
256,Alexander,Deeson,adeeson73@alibaba.com,Male,63.88.46.224
257,Staffard,Brunn,sbrunn74@princeton.edu,Genderfluid,209.51.146.137
258,Wendell,Sainsbury-Brown,wsainsburybrown75@weebly.com,Male,170.48.183.103
259,Deanne,Shortan,dshortan76@dion.ne.jp,Female,13.244.211.34
260,Tedd,Townsley,ttownsley77@fastcompany.com,Male,146.109.113.190
261,Raynard,Clack,rclack78@gravatar.com,Genderqueer,86.201.54.141
262,Merwin,Toward,mtoward79@wiley.com,Male,128.53.192.173
263,Goddart,Pfeuffer,gpfeuffer7a@apple.com,Male,151.57.39.212
264,Courtnay,Wonfor,cwonfor7b@rediff.com,Male,173.25.133.224
265,Bronnie,Flindall,bflindall7c@sina.com.cn,Male,157.187.124.254
266,Susanne,Sinkins,ssinkins7d@over-blog.com,Female,98.127.156.177
267,Bartolomeo,Mogenot,bmogenot7e@omniture.com,Male,83.217.164.175
268,Jillene,Roseby,jroseby7f@seattletimes.com,Female,132.72.104.49
269,Ches,Land,cland7g@oakley.com,Male,15.120.149.84
270,Babbie,Ioselev,bioselev7h@pcworld.com,Female,250.105.156.158
271,Enrica,Glanvill,eglanvill7i@fda.gov,Female,203.43.165.86
272,Willow,Gibbin,wgibbin7j@stanford.edu,Female,174.221.72.107
273,Gar,Juszczyk,gjuszczyk7k@google.com.au,Male,46.149.194.228
274,Cort,Dyster,cdyster7l@ihg.com,Male,26.219.209.157
275,Shelton,Medley,smedley7m@bloomberg.com,Male,224.168.6.171
276,Brandy,Durant,bdurant7n@ustream.tv,Female,171.171.154.120
277,Riley,Gibbings,rgibbings7o@msn.com,Male,112.53.131.207
278,Gerry,Paris,gparis7p@technorati.com,Non-binary,243.33.0.208
279,Rufus,Tonna,rtonna7q@jimdo.com,Male,137.248.127.118
280,Boyce,Fair,bfair7r@uol.com.br,Male,252.48.221.70
281,Augustina,Wrinch,awrinch7s@theguardian.com,Female,253.41.204.85
282,Lane,Thomason,lthomason7t@pcworld.com,Female,103.196.65.95
283,Doralia,Pettett,dpettett7u@constantcontact.com,Female,219.217.111.50
284,Xenos,Skalls,xskalls7v@about.me,Male,249.8.76.218
285,Joby,Resun,jresun7w@ft.com,Female,98.2.55.35
286,Shana,Lightowlers,slightowlers7x@google.com.hk,Female,132.241.255.11
287,Dara,Caulton,dcaulton7y@shareasale.com,Female,87.144.176.220
288,Marleen,Todaro,mtodaro7z@chron.com,Female,13.108.221.217
289,Marielle,Petrolli,mpetrolli80@booking.com,Female,242.96.201.134
290,Zsa zsa,Carss,zcarss81@ebay.co.uk,Polygender,203.204.147.139
291,Jorie,Gimbrett,jgimbrett82@vimeo.com,Agender,62.80.8.162
292,Brodie,Grishin,bgrishin83@sohu.com,Male,7.101.162.56
293,Othilie,Tute,otute84@infoseek.co.jp,Non-binary,52.100.218.101
294,David,Barham,dbarham85@flavors.me,Male,133.237.24.209
295,Tabor,Juzek,tjuzek86@quantcast.com,Male,187.240.30.55
296,Timofei,Murch,tmurch87@ebay.co.uk,Male,132.180.35.219
297,Ferrell,Brumbie,fbrumbie88@bigcartel.com,Male,239.6.170.153
298,Debor,Kuhnwald,dkuhnwald89@mail.ru,Female,83.135.27.250
299,Matt,Lawry,mlawry8a@slate.com,Male,60.90.200.117
300,Alida,Martinovsky,amartinovsky8b@csmonitor.com,Female,141.141.38.207
301,Nickolas,Thaller,nthaller8c@accuweather.com,Male,151.165.239.172
302,Willyt,Dougan,wdougan8d@blog.com,Female,1.110.13.210
303,Ariel,Atkirk,aatkirk8e@hhs.gov,Female,117.92.171.96
304,Reinaldos,Vobes,rvobes8f@reverbnation.com,Male,156.8.211.176
305,Monte,Brace,mbrace8g@creativecommons.org,Genderqueer,127.105.70.31
306,Meta,Daventry,mdaventry8h@1und1.de,Female,42.66.126.7
307,Kaia,Gheorghescu,kgheorghescu8i@jugem.jp,Female,165.182.64.137
308,Chancey,Dumberrill,cdumberrill8j@artisteer.com,Non-binary,237.136.215.106
309,Guthrey,Cuff,gcuff8k@wikimedia.org,Male,30.29.59.114
310,Morna,Turk,mturk8l@stumbleupon.com,Female,188.62.34.156
311,Wally,Wild,wwild8m@wikipedia.org,Genderqueer,167.135.78.120
312,Agneta,Bakey,abakey8n@reference.com,Female,122.165.242.149
313,Marnie,Kidde,mkidde8o@jalbum.net,Female,116.143.67.217
314,Glendon,Wressell,gwressell8p@samsung.com,Non-binary,126.47.52.61
315,Allsun,Snewin,asnewin8q@unesco.org,Female,138.233.57.180
316,Bamby,MacCurtain,bmaccurtain8r@t.co,Female,33.150.57.206
317,Maryanna,Spiring,mspiring8s@sciencedaily.com,Female,62.69.19.112
318,Mamie,Neller,mneller8t@freewebs.com,Female,246.158.246.206
319,Rebbecca,Dooly,rdooly8u@constantcontact.com,Female,76.25.120.70
320,Celestine,Shortan,cshortan8v@issuu.com,Female,133.54.251.6
321,Lib,Scottesmoor,lscottesmoor8w@people.com.cn,Female,194.4.186.93
322,Eula,Shortell,eshortell8x@cbc.ca,Non-binary,27.163.136.145
323,Sammie,Shermore,sshermore8y@nps.gov,Male,164.82.198.238
324,Morgana,Matcham,mmatcham8z@youku.com,Female,154.107.226.63
325,Dorian,Arnau,darnau90@vimeo.com,Female,18.92.180.243
326,Garth,Pien,gpien91@howstuffworks.com,Male,102.214.213.92
327,Nikolos,Vennings,nvennings92@webnode.com,Male,213.126.191.255
328,Kesley,Benardeau,kbenardeau93@barnesandnoble.com,Female,98.101.207.216
329,Kienan,Guthrum,kguthrum94@wired.com,Male,13.241.252.115
330,Beau,Whightman,bwhightman95@wsj.com,Male,123.94.113.106
331,Dodi,Normadell,dnormadell96@printfriendly.com,Female,166.15.229.131
332,Yardley,Minifie,yminifie97@scientificamerican.com,Male,0.254.36.126
333,Clemmie,Yakovliv,cyakovliv98@apache.org,Female,24.122.140.57
334,Flint,Minillo,fminillo99@house.gov,Male,206.151.114.112
335,Lanie,Yosifov,lyosifov9a@nba.com,Female,33.210.49.155
336,Davide,Garnson,dgarnson9b@cyberchimps.com,Genderfluid,217.224.27.17
337,Del,Nail,dnail9c@businesswire.com,Male,26.80.164.160
338,Crosby,Stilling,cstilling9d@virginia.edu,Male,229.107.167.191
339,Theo,Rugiero,trugiero9e@ocn.ne.jp,Male,50.99.7.227
340,Almeta,Kender,akender9f@bigcartel.com,Female,211.116.210.24
341,Francene,Crennan,fcrennan9g@wikia.com,Female,127.168.64.82
342,Harriett,Mewis,hmewis9h@nymag.com,Female,17.19.96.125
343,Nathalie,Boddie,nboddie9i@netlog.com,Female,49.79.171.167
344,Adrian,Nattriss,anattriss9j@yahoo.com,Male,197.52.153.123
345,Rodrick,Woodrough,rwoodrough9k@phoca.cz,Male,232.11.30.108
346,Stephan,Covell,scovell9l@nih.gov,Non-binary,122.132.126.229
347,Heloise,Mariolle,hmariolle9m@globo.com,Female,43.63.254.155
348,Tessa,Brizell,tbrizell9n@netscape.com,Female,74.209.176.124
349,Kitty,Sprake,ksprake9o@ucla.edu,Female,169.71.225.118
350,Fonsie,Harrigan,fharrigan9p@plala.or.jp,Male,36.225.112.234
351,Tybie,Readie,treadie9q@usa.gov,Female,174.87.179.211
352,Foster,Kase,fkase9r@psu.edu,Male,18.135.56.231
353,Roth,Cotty,rcotty9s@aol.com,Male,21.74.16.155
354,Lefty,Shaves,lshaves9t@google.fr,Male,128.42.152.82
355,Issy,Abbys,iabbys9u@drupal.org,Female,54.242.189.109
356,Falkner,Sambedge,fsambedge9v@altervista.org,Male,223.146.226.66
357,Ira,Ridsdole,iridsdole9w@yellowpages.com,Polygender,198.96.98.6
358,Niccolo,Charrington,ncharrington9x@biblegateway.com,Male,25.57.109.146
359,Cori,Huff,chuff9y@netlog.com,Female,82.7.254.111
360,Auberta,Beckmann,abeckmann9z@ehow.com,Female,62.140.214.210
361,Sharleen,Diffley,sdiffleya0@blog.com,Female,129.232.123.154
362,Concordia,Pydcock,cpydcocka1@jiathis.com,Female,233.142.176.98
363,Lianna,Hollington,lhollingtona2@mail.ru,Female,134.180.100.200
364,Mignon,Inmett,minmetta3@google.fr,Female,51.108.207.36
365,Doroteya,Gyves,dgyvesa4@google.com.au,Female,133.136.1.7
366,Thor,Jennings,tjenningsa5@tumblr.com,Male,240.99.112.4
367,Pia,Boyford,pboyforda6@thetimes.co.uk,Female,234.7.202.143
368,Pepillo,Keward,pkewarda7@photobucket.com,Male,204.165.130.250
369,Mariam,Stock,mstocka8@mozilla.com,Genderfluid,94.200.203.156
370,Evangelin,Davidai,edavidaia9@shinystat.com,Female,118.96.114.99
371,Joanna,Guillou,jguillouaa@europa.eu,Female,241.89.6.35
372,Jeanne,Young,jyoungab@goo.ne.jp,Female,64.33.50.135
373,Jacki,Ivoshin,jivoshinac@netlog.com,Female,236.152.67.80
374,Jania,Smieton,jsmietonad@oracle.com,Female,42.73.129.197
375,Eddy,Carville,ecarvilleae@walmart.com,Male,115.141.93.196
376,Wheeler,Brawn,wbrawnaf@addtoany.com,Male,218.124.154.250
377,Georgine,Huett,ghuettag@ucoz.com,Female,126.129.22.135
378,Dimitri,Burdin,dburdinah@huffingtonpost.com,Male,8.80.122.190
379,Kariotta,Hewertson,khewertsonai@google.com.au,Female,234.37.51.77
380,Thorin,Gooch,tgoochaj@yolasite.com,Male,181.57.106.59
381,Romeo,McCluskey,rmccluskeyak@yolasite.com,Male,15.95.28.57
382,Bill,Lifsey,blifseyal@cafepress.com,Male,86.155.47.38
383,Kinsley,Dulwitch,kdulwitcham@ftc.gov,Male,1.174.46.169
384,Sergio,Hamman,shammanan@angelfire.com,Male,134.56.233.16
385,Ruy,Dewdney,rdewdneyao@msn.com,Male,64.16.20.1
386,Correy,Stirzaker,cstirzakerap@webs.com,Female,156.234.57.144
387,Roxine,Allone,ralloneaq@hugedomains.com,Female,21.231.243.44
388,Prinz,Gander,pganderar@rediff.com,Male,164.72.32.196
389,Perry,Littrik,plittrikas@ezinearticles.com,Female,151.183.214.61
390,Liza,Sandifer,lsandiferat@mapquest.com,Female,18.235.143.92
391,Aguie,Johantges,ajohantgesau@mtv.com,Male,183.223.205.232
392,Reina,Sadd,rsaddav@surveymonkey.com,Female,213.137.61.245
393,Helga,Theze,hthezeaw@t.co,Female,12.18.109.229
394,Therine,Mackstead,tmacksteadax@nifty.com,Genderfluid,90.62.69.30
395,Fifine,Tapper,ftapperay@g.co,Female,152.136.217.146
396,Clemmy,Denne,cdenneaz@paypal.com,Agender,79.252.55.2
397,Ingrim,Woolward,iwoolwardb0@huffingtonpost.com,Male,255.144.153.181
398,Abbey,Center,acenterb1@bizjournals.com,Male,83.17.135.172
399,Pammie,Saw,psawb2@cdc.gov,Female,151.125.150.71
400,Juli,Fitt,jfittb3@goodreads.com,Female,52.188.161.65
401,Vilhelmina,Mease,vmeaseb4@oracle.com,Female,16.35.201.128
402,Dwayne,Bridden,dbriddenb5@flickr.com,Male,57.85.65.225
403,Mario,Jardin,mjardinb6@scribd.com,Male,82.242.93.249
404,Judy,Headingham,jheadinghamb7@theguardian.com,Female,123.185.232.123
405,Leanora,Varah,lvarahb8@flavors.me,Agender,111.158.229.234
406,Maximo,Maylam,mmaylamb9@hc360.com,Male,98.6.241.38
407,Gwyn,Keble,gkebleba@pen.io,Female,235.69.232.199
408,Lou,Dyett,ldyettbb@state.tx.us,Female,92.51.17.186
409,Maxie,Camus,mcamusbc@dedecms.com,Male,220.27.211.213
410,Toinette,Jewes,tjewesbd@constantcontact.com,Female,204.165.38.227
411,Stafani,Fenelon,sfenelonbe@harvard.edu,Female,26.69.131.33
412,Arnaldo,Cramb,acrambbf@cloudflare.com,Genderfluid,73.10.71.125
413,Cyndi,Richmond,crichmondbg@rambler.ru,Female,11.244.200.246
414,Lyndsay,Cosser,lcosserbh@free.fr,Female,93.66.199.60
415,Myrtice,Ferdinand,mferdinandbi@google.cn,Female,242.102.220.190
416,Roda,Realff,rrealffbj@multiply.com,Female,148.83.37.179
417,Randy,Dingate,rdingatebk@github.io,Male,227.200.21.17
418,Gaile,Sweetman,gsweetmanbl@bizjournals.com,Male,2.8.212.183
419,Hollyanne,Speek,hspeekbm@eepurl.com,Bigender,18.52.175.186
420,Marsha,Zukierman,mzukiermanbn@un.org,Female,211.249.137.232
421,Hersch,Hurkett,hhurkettbo@msn.com,Male,118.150.116.245
422,Rheba,Drakers,rdrakersbp@discovery.com,Female,114.43.55.211
423,Chadwick,Loosely,clooselybq@addthis.com,Male,71.214.138.185
424,Elena,Vowden,evowdenbr@npr.org,Female,235.76.103.6
425,Bax,Budnik,bbudnikbs@comsenz.com,Male,39.41.82.79
426,Barrett,Kubista,bkubistabt@blogspot.com,Male,97.120.4.37
427,Con,Ginnety,cginnetybu@taobao.com,Female,43.98.25.162
428,Joshia,Szapiro,jszapirobv@merriam-webster.com,Male,182.90.86.190
429,Hallie,Derkes,hderkesbw@parallels.com,Female,242.193.81.17
430,Schuyler,Iglesia,siglesiabx@g.co,Male,209.219.144.2
431,Kessia,Desmond,kdesmondby@berkeley.edu,Female,101.171.45.176
432,Dan,Penella,dpenellabz@berkeley.edu,Male,189.17.50.217
433,Gabbey,Ludman,gludmanc0@cbc.ca,Female,201.248.50.116
434,Stephi,Pyson,spysonc1@4shared.com,Female,195.209.115.168
435,Veriee,Cardno,vcardnoc2@i2i.jp,Female,137.211.64.169
436,Stavro,McClounan,smcclounanc3@live.com,Male,33.32.134.3
437,Wynnie,Law,wlawc4@amazon.co.uk,Female,52.253.121.130
438,Rosalyn,Doumer,rdoumerc5@yandex.ru,Female,12.202.11.101
439,Bekki,Mountford,bmountfordc6@fc2.com,Female,63.48.103.104
440,Willy,Munehay,wmunehayc7@wikispaces.com,Male,201.230.48.76
441,Alick,Ravenscroft,aravenscroftc8@wunderground.com,Male,85.26.123.121
442,Ermin,Murrhaupt,emurrhauptc9@thetimes.co.uk,Male,117.85.242.106
443,Tessi,Abramzon,tabramzonca@redcross.org,Female,32.238.140.237
444,Ignaz,Barense,ibarensecb@webmd.com,Male,189.117.231.238
445,Avie,Colkett,acolkettcc@slate.com,Female,238.5.40.191
446,Lolita,Colleck,lcolleckcd@tamu.edu,Female,114.116.3.47
447,Roderick,Guerri,rguerrice@harvard.edu,Male,55.147.114.27
448,Abbie,Redwall,aredwallcf@nature.com,Non-binary,115.94.104.60
449,Eamon,Hebbes,ehebbescg@engadget.com,Male,77.201.3.134
450,Ford,Keyhoe,fkeyhoech@free.fr,Male,167.47.20.24
451,Darbee,Algar,dalgarci@google.ru,Male,64.187.21.108
452,Bibi,Whittle,bwhittlecj@wunderground.com,Female,125.80.97.148
453,Kirsten,Ayre,kayreck@google.co.uk,Female,189.135.199.135
454,Shawn,Jordeson,sjordesoncl@nationalgeographic.com,Male,192.155.163.17
455,Roberto,Edgin,redgincm@wunderground.com,Male,247.40.66.15
456,Ulises,Dudin,ududincn@bing.com,Male,236.106.182.180
457,Perceval,Coveney,pcoveneyco@dyndns.org,Male,49.185.217.125
458,Nevins,Ends,nendscp@photobucket.com,Male,132.150.171.186
459,Brandais,Cousens,bcousenscq@php.net,Female,168.177.213.11
460,Crichton,Limon,climoncr@epa.gov,Male,0.122.24.39
461,Rutherford,Colgan,rcolgancs@intel.com,Male,149.63.84.155
462,Gene,Fender,gfenderct@hubpages.com,Female,181.56.6.210
463,Siouxie,Brownbridge,sbrownbridgecu@mayoclinic.com,Female,139.213.162.89
464,Spenser,Downie,sdowniecv@artisteer.com,Male,192.31.4.170
465,Galven,Esch,geschcw@census.gov,Male,191.222.31.44
466,Bambie,Ebden,bebdencx@ca.gov,Female,27.179.189.204
467,Isaak,Bowfin,ibowfincy@apple.com,Male,157.215.108.82
468,Tish,Curbishley,tcurbishleycz@eventbrite.com,Female,17.49.162.96
469,Brennan,Cowcha,bcowchad0@nature.com,Genderfluid,210.242.162.223
470,Cully,Elcomb,celcombd1@columbia.edu,Male,70.43.65.48
471,Kinny,Yves,kyvesd2@craigslist.org,Male,3.52.23.222
472,Amery,Brightie,abrightied3@aol.com,Male,90.224.158.12
473,Lena,Bletso,lbletsod4@yahoo.com,Female,8.182.181.192
474,Buffy,Pinel,bpineld5@answers.com,Female,118.40.89.38
475,Petunia,Geroldini,pgeroldinid6@ed.gov,Female,34.232.164.127
476,Lavinia,Brunicke,lbrunicked7@ask.com,Female,179.186.49.153
477,Gillan,Gilardengo,ggilardengod8@linkedin.com,Female,223.52.151.109
478,Sonny,Stuttard,sstuttardd9@mac.com,Male,235.44.254.191
479,Agnella,Spittal,aspittalda@washington.edu,Female,118.123.205.144
480,Gerald,Masarrat,gmasarratdb@t.co,Male,9.235.93.202
481,Pepito,Blackwood,pblackwooddc@sitemeter.com,Male,64.211.185.203
482,Cyrus,Hovee,choveedd@gizmodo.com,Male,131.169.129.23
483,Christina,Denizet,cdenizetde@themeforest.net,Female,225.1.106.146
484,Giselbert,Trahair,gtrahairdf@cocolog-nifty.com,Male,126.192.164.221
485,Worthy,Coppen,wcoppendg@google.de,Male,80.127.40.103
486,Jase,Gayforth,jgayforthdh@uol.com.br,Male,26.168.11.120
487,Adela,Yantsurev,ayantsurevdi@oakley.com,Female,22.203.76.49
488,Lucine,Trever,ltreverdj@pbs.org,Bigender,71.180.78.75
489,Holly-anne,Zavittieri,hzavittieridk@amazon.com,Female,28.246.192.11
490,Davy,Boatright,dboatrightdl@ning.com,Male,163.208.124.214
491,Westleigh,Iacopini,wiacopinidm@t-online.de,Male,199.150.136.0
492,Tommy,O'Bradane,tobradanedn@cisco.com,Male,43.28.34.39
493,Broddie,Dickens,bdickensdo@dyndns.org,Male,191.66.75.217
494,Lauritz,Yell,lyelldp@soundcloud.com,Male,129.191.153.143
495,Vivian,D'Alesio,vdalesiodq@si.edu,Female,31.90.187.31
496,Willy,de Werk,wdewerkdr@java.com,Male,82.220.129.151
497,Mitchael,Ballsdon,mballsdonds@go.com,Male,178.190.203.129
498,Calli,Tiley,ctileydt@newyorker.com,Female,99.136.55.35
499,Dianemarie,Mahaffey,dmahaffeydu@nbcnews.com,Female,64.171.127.30
500,Gertruda,Trenouth,gtrenouthdv@linkedin.com,Non-binary,96.138.126.179
501,Griffie,Ellicott,gellicottdw@stanford.edu,Male,125.143.190.90
502,Maxy,Lethley,mlethleydx@prlog.org,Female,91.145.252.244
503,Dotti,Orneblow,dorneblowdy@instagram.com,Female,59.226.89.162
504,Jeanine,Northidge,jnorthidgedz@prlog.org,Female,90.175.223.93
505,Trent,Sheivels,tsheivelse0@berkeley.edu,Polygender,128.37.10.180
506,Brigida,Ygou,bygoue1@imgur.com,Female,125.244.70.118
507,Erroll,Lyte,elytee2@imdb.com,Male,42.48.176.246
508,Bess,Bradburne,bbradburnee3@4shared.com,Bigender,82.81.206.97
509,Dale,Yukhin,dyukhine4@vinaora.com,Male,146.132.69.251
510,Vince,Pagitt,vpagitte5@whitehouse.gov,Male,82.56.252.206
511,Meghan,Pettifer,mpettifere6@dailymail.co.uk,Female,75.233.152.220
512,Feliks,Kyncl,fkyncle7@drupal.org,Male,15.215.41.48
513,Cara,Pleven,cplevene8@de.vu,Female,224.139.210.62
514,Madelaine,O'Donnelly,modonnellye9@furl.net,Female,2.251.153.56
515,Wells,Klosa,wklosaea@de.vu,Male,166.169.65.206
516,Moise,Simnell,msimnelleb@skype.com,Male,139.110.206.128
517,Grannie,Wozencraft,gwozencraftec@theglobeandmail.com,Male,177.201.53.221
518,Hillel,Glanton,hglantoned@histats.com,Male,119.8.247.96
519,Bobbe,Desquesnes,bdesquesnesee@mysql.com,Female,148.144.110.11
520,Minda,Tombleson,mtomblesonef@amazonaws.com,Agender,62.23.68.23
521,Bonni,Ivic,biviceg@people.com.cn,Female,132.168.235.15
522,Tommi,Poge,tpogeeh@pagesperso-orange.fr,Female,150.40.46.140
523,Oberon,Jovicic,ojovicicei@lulu.com,Male,97.32.42.247
524,Kenn,Dounbare,kdounbareej@domainmarket.com,Male,91.124.119.168
525,Porty,Tondeur,ptondeurek@slate.com,Male,234.161.124.153
526,Thaddeus,de Werk,tdewerkel@mashable.com,Male,219.150.64.61
527,Udell,Curtois,ucurtoisem@friendfeed.com,Male,213.97.137.139
528,Raimondo,Landsborough,rlandsboroughen@behance.net,Male,146.114.38.89
529,Patrice,Piatto,ppiattoeo@spiegel.de,Male,164.147.186.74
530,Madelina,O'Dempsey,modempseyep@rediff.com,Female,211.95.225.90
531,Ashlin,Priestnall,apriestnalleq@deviantart.com,Male,20.62.145.64
532,Raf,Shufflebotham,rshufflebothamer@people.com.cn,Female,49.76.109.59
533,Geordie,Pearcy,gpearcyes@cmu.edu,Male,215.42.84.2
534,Herby,Whaites,hwhaiteset@toplist.cz,Male,107.255.129.68
535,Siffre,Cavan,scavaneu@amazon.com,Male,146.2.54.219
536,Dotti,Syson,dsysonev@icq.com,Female,45.145.163.22
537,Idalina,Lindbergh,ilindberghew@cisco.com,Female,62.250.232.2
538,Rhodie,Burbage,rburbageex@thetimes.co.uk,Female,1.173.20.20
539,Norton,Balnave,nbalnaveey@list-manage.com,Male,60.154.168.240
540,Free,Rosita,frositaez@nbcnews.com,Male,62.153.170.47
541,Yolanthe,Garstang,ygarstangf0@naver.com,Female,156.148.166.119
542,Silvana,Varfalameev,svarfalameevf1@fda.gov,Female,68.194.56.114
543,Therine,Demko,tdemkof2@cbsnews.com,Female,61.181.170.208
544,Babb,Richt,brichtf3@sourceforge.net,Female,96.95.238.111
545,Mikel,Tribe,mtribef4@wp.com,Male,27.3.55.162
546,Zora,Wornum,zwornumf5@jugem.jp,Female,87.232.120.72
547,Corrie,Pincott,cpincottf6@squarespace.com,Female,181.3.87.90
548,Tomaso,Thomton,tthomtonf7@upenn.edu,Male,134.84.144.181
549,Patrice,Barriball,pbarriballf8@hibu.com,Female,229.252.243.92
550,Lewes,Phillips,lphillipsf9@aol.com,Male,66.147.185.202
551,Idalia,Vicarey,ivicareyfa@marriott.com,Female,220.117.252.239
552,Norry,Killingsworth,nkillingsworthfb@gmpg.org,Female,170.181.173.178
553,Adrea,Records,arecordsfc@cornell.edu,Female,86.213.194.178
554,Nicky,Sanford,nsanfordfd@spiegel.de,Female,209.176.81.105
555,Kirbee,Emeney,kemeneyfe@google.com.au,Female,161.157.29.178
556,Barton,Ellens,bellensff@ox.ac.uk,Male,86.108.232.18
557,Wilmer,Beckitt,wbeckittfg@statcounter.com,Male,223.124.38.21
558,Fleming,Sharville,fsharvillefh@businessweek.com,Male,67.46.184.128
559,Alla,Turvie,aturviefi@google.it,Genderfluid,224.7.104.248
560,Huberto,Ludgrove,hludgrovefj@myspace.com,Male,109.140.136.236
561,Beth,Peskin,bpeskinfk@liveinternet.ru,Female,49.19.147.30
562,Giffy,Ilieve,gilievefl@dailymotion.com,Male,51.137.243.46
563,Lydon,Northbridge,lnorthbridgefm@is.gd,Male,71.13.74.242
564,Coleman,Pesak,cpesakfn@goodreads.com,Non-binary,91.66.89.252
565,Malachi,MacCahey,mmaccaheyfo@tripod.com,Male,53.155.96.217
566,Ezechiel,Kobus,ekobusfp@dmoz.org,Male,78.208.134.97
567,Jandy,Pegden,jpegdenfq@cbsnews.com,Female,103.130.124.118
568,Isidora,Spuffard,ispuffardfr@hubpages.com,Female,87.67.40.26
569,Phyllis,Mesnard,pmesnardfs@gnu.org,Agender,54.133.177.225
570,Clarisse,Morefield,cmorefieldft@shareasale.com,Female,9.81.161.238
571,Pamela,Bulcock,pbulcockfu@theglobeandmail.com,Female,159.252.153.199
572,Ellary,Romaint,eromaintfv@elpais.com,Male,60.218.94.98
573,Euell,Harrower,eharrowerfw@cnet.com,Male,74.110.46.18
574,Eva,Cordeux,ecordeuxfx@digg.com,Female,207.170.168.113
575,Deck,Danet,ddanetfy@netscape.com,Male,5.9.253.147
576,Albert,Artin,aartinfz@spotify.com,Male,166.194.112.147
577,Buddie,Ousby,bousbyg0@epa.gov,Male,104.115.207.103
578,Goldia,Winkell,gwinkellg1@unc.edu,Female,202.73.21.167
579,Chrysa,Brack,cbrackg2@tiny.cc,Female,140.123.103.184
580,Erminie,Roache,eroacheg3@sohu.com,Female,183.114.50.203
581,Rivy,Fitzsimon,rfitzsimong4@gizmodo.com,Female,253.140.149.0
582,Parry,Rosendale,prosendaleg5@washington.edu,Male,97.21.168.71
583,Gilburt,Twycross,gtwycrossg6@webs.com,Male,148.163.73.201
584,Cord,Dartnall,cdartnallg7@typepad.com,Male,91.96.143.103
585,Michaelina,Callington,mcallingtong8@deliciousdays.com,Female,96.225.224.27
586,Curry,Thorrold,cthorroldg9@so-net.ne.jp,Male,108.15.223.193
587,Martyn,Pringer,mpringerga@networksolutions.com,Male,156.223.118.165
588,Linda,Briamo,lbriamogb@harvard.edu,Female,187.253.80.49
589,Karna,Calcutt,kcalcuttgc@msu.edu,Female,148.156.173.188
590,Karena,Gopsill,kgopsillgd@hhs.gov,Female,2.64.56.250
591,Yorker,Piscopello,ypiscopelloge@weibo.com,Male,170.111.133.190
592,Brina,Waddington,bwaddingtongf@apache.org,Female,41.162.124.121
593,Kilian,Yakolev,kyakolevgg@epa.gov,Male,164.31.214.182
594,Mitchel,Plowright,mplowrightgh@networksolutions.com,Male,138.197.168.188
595,Araldo,Dictus,adictusgi@sphinn.com,Male,45.57.17.127
596,Gerhardt,O'Hallagan,gohallagangj@delicious.com,Male,250.126.122.162
597,Loydie,Archdeckne,larchdecknegk@indiatimes.com,Male,134.197.60.246
598,Fleming,Disley,fdisleygl@etsy.com,Male,110.90.154.155
599,Edgardo,Dowley,edowleygm@china.com.cn,Bigender,9.57.117.62
600,Sisile,Jansik,sjansikgn@microsoft.com,Bigender,226.1.250.114
601,Lavinie,Blinco,lblincogo@opera.com,Female,148.191.106.159
602,Gloriana,Byrne,gbyrnegp@cloudflare.com,Female,21.82.32.77
603,Slade,Fairebrother,sfairebrothergq@squidoo.com,Male,162.14.137.115
604,Jessee,Godsell,jgodsellgr@wufoo.com,Male,208.76.104.57
605,Emilia,Thorneley,ethorneleygs@last.fm,Genderqueer,252.210.144.144
606,Sasha,Prando,sprandogt@examiner.com,Male,38.222.128.252
607,Heall,Berford,hberfordgu@myspace.com,Male,119.100.140.52
608,Lily,Handyside,lhandysidegv@slideshare.net,Female,54.237.219.91
609,Faunie,de'-Ancy Willis,fdeancywillisgw@noaa.gov,Female,59.116.180.73
610,Odessa,Kleinsinger,okleinsingergx@icq.com,Female,208.27.54.21
611,Fabian,Curror,fcurrorgy@who.int,Male,168.229.236.107
612,Astrid,Lovart,alovartgz@desdev.cn,Female,36.232.114.130
613,Kerrin,Nitto,knittoh0@admin.ch,Bigender,201.5.199.28
614,Corrie,Sandells,csandellsh1@kickstarter.com,Male,202.70.182.226
615,Avery,Morrall,amorrallh2@woothemes.com,Male,123.97.249.66
616,Danny,Bodle,dbodleh3@umich.edu,Female,48.201.208.58
617,Parrnell,Deny,pdenyh4@blogger.com,Male,32.189.171.163
618,Brenden,Meininger,bmeiningerh5@liveinternet.ru,Male,49.93.158.211
619,Zach,Hartland,zhartlandh6@cdc.gov,Male,24.80.44.218
620,Janene,Vannuccinii,jvannucciniih7@cdc.gov,Bigender,32.168.136.124
621,Arley,Margrie,amargrieh8@tamu.edu,Male,186.3.225.57
622,Shermy,Feye,sfeyeh9@liveinternet.ru,Male,37.215.50.120
623,Saw,Gewer,sgewerha@unicef.org,Male,237.212.232.98
624,Dewey,Grovier,dgrovierhb@godaddy.com,Male,89.110.216.119
625,Gwenneth,Blackford,gblackfordhc@naver.com,Female,223.0.249.206
626,Gerry,McCalum,gmccalumhd@intel.com,Female,196.211.174.167
627,Danella,Martinolli,dmartinollihe@house.gov,Female,254.190.146.61
628,Karney,Seilmann,kseilmannhf@domainmarket.com,Male,165.230.244.8
629,Osbourne,Penley,openleyhg@infoseek.co.jp,Male,100.236.126.255
630,Dido,Rubra,drubrahh@cdbaby.com,Female,86.76.189.53
631,Carson,Govier,cgovierhi@netscape.com,Male,12.118.65.88
632,Adriano,Preuvost,apreuvosthj@ameblo.jp,Male,243.179.195.142
633,Rudolph,Lincey,rlinceyhk@sfgate.com,Male,131.75.5.199
634,Addi,Firth,afirthhl@biglobe.ne.jp,Female,232.142.253.182
635,Viole,Stamp,vstamphm@biblegateway.com,Female,249.104.228.130
636,Deina,Popping,dpoppinghn@geocities.jp,Female,29.194.26.55
637,Phillipe,Phant,pphantho@live.com,Male,216.40.198.8
638,Findlay,Mellodey,fmellodeyhp@arizona.edu,Male,113.239.89.207
639,Saunderson,Carwithim,scarwithimhq@issuu.com,Male,199.128.9.108
640,Rod,Edmunds,redmundshr@cbc.ca,Male,4.105.130.48
641,Forrest,Gorling,fgorlinghs@people.com.cn,Male,68.115.173.234
642,Rutherford,Carvell,rcarvellht@de.vu,Bigender,210.51.82.194
643,Kara,Hayer,khayerhu@goo.ne.jp,Female,228.201.186.222
644,Zelig,Stooders,zstoodershv@stumbleupon.com,Male,227.70.230.194
645,Delora,Edelheid,dedelheidhw@clickbank.net,Female,29.85.157.154
646,Kelby,Dodd,kdoddhx@livejournal.com,Male,100.75.161.139
647,Maurits,Curgenuer,mcurgenuerhy@youtu.be,Genderfluid,199.6.208.181
648,Connie,Teligin,cteliginhz@newyorker.com,Male,231.166.60.178
649,Bren,Piccop,bpiccopi0@reddit.com,Male,131.209.190.108
650,Sibbie,Jeckell,sjeckelli1@hc360.com,Female,36.251.178.152
651,Abigail,Drayn,adrayni2@chron.com,Female,109.162.251.69
652,Nero,Hiland,nhilandi3@auda.org.au,Genderfluid,1.112.133.234
653,Fax,Bimson,fbimsoni4@creativecommons.org,Male,24.41.211.99
654,Cordy,Bassett,cbassetti5@whitehouse.gov,Female,56.26.38.126
655,Rhys,Breeder,rbreederi6@addthis.com,Genderfluid,49.67.16.117
656,Daniele,O'Currane,docurranei7@marriott.com,Female,189.185.203.164
657,Claudie,Presdee,cpresdeei8@engadget.com,Female,158.236.128.46
658,Elisha,Scawen,escaweni9@canalblog.com,Male,195.141.187.197
659,Laurella,Abramino,labraminoia@techcrunch.com,Female,78.234.216.96
660,Domini,Fillon,dfillonib@wired.com,Female,90.40.189.158
661,Freddi,Goff,fgoffic@cnet.com,Female,249.252.112.32
662,Marris,Mandres,mmandresid@nba.com,Female,92.105.186.135
663,Koressa,Afield,kafieldie@multiply.com,Female,132.85.184.255
664,Lorelle,Arents,larentsif@newsvine.com,Female,130.98.104.199
665,Adriano,Slayford,aslayfordig@parallels.com,Male,3.230.18.231
666,Drake,Dunstan,ddunstanih@cam.ac.uk,Male,114.50.151.35
667,Cos,Lattimore,clattimoreii@cbc.ca,Male,42.246.206.119
668,Ethelin,Lammenga,elammengaij@printfriendly.com,Female,10.240.23.101
669,Julietta,Gayter,jgayterik@craigslist.org,Female,64.2.99.174
670,Nevile,Considine,nconsidineil@diigo.com,Male,244.143.146.166
671,Loren,Meeks,lmeeksim@bravesites.com,Male,7.1.225.244
672,Carin,Hinsche,chinschein@auda.org.au,Female,164.88.196.101
673,Bellanca,Abotson,babotsonio@google.co.uk,Female,101.94.159.101
674,Reilly,Chattey,rchatteyip@gov.uk,Male,106.16.91.21
675,Anne-corinne,Pletts,aplettsiq@hud.gov,Female,35.59.212.77
676,Dilly,Fearon,dfearonir@huffingtonpost.com,Genderqueer,9.168.120.35
677,Shelby,Krinks,skrinksis@chronoengine.com,Male,0.102.97.147
678,Ferdinanda,Sheaber,fsheaberit@sogou.com,Genderfluid,24.31.198.175
679,Elvina,Muldownie,emuldownieiu@chron.com,Female,84.146.233.168
680,Modestia,Belch,mbelchiv@ameblo.jp,Female,61.58.50.130
681,Mychal,Regus,mregusiw@taobao.com,Male,247.149.70.88
682,Frasco,De Miranda,fdemirandaix@berkeley.edu,Male,55.129.234.199
683,Goldy,Betke,gbetkeiy@reuters.com,Female,24.207.2.235
684,Valentijn,Peete,vpeeteiz@statcounter.com,Male,167.59.181.169
685,Gradey,Knighton,gknightonj0@webeden.co.uk,Male,62.90.60.80
686,Stevy,Algeo,salgeoj1@creativecommons.org,Male,91.76.193.193
687,Wendel,Ringsell,wringsellj2@eventbrite.com,Male,143.153.137.199
688,Tomasina,Pachmann,tpachmannj3@stanford.edu,Female,222.173.196.110
689,Quintilla,Eslinger,qeslingerj4@wufoo.com,Female,4.255.65.47
690,Danika,Bielby,dbielbyj5@moonfruit.com,Bigender,178.159.251.77
691,Ethelred,Bigland,ebiglandj6@blog.com,Male,233.18.6.149
692,Farand,Boothroyd,fboothroydj7@opera.com,Female,52.214.209.111
693,Jolyn,Cheetam,jcheetamj8@hexun.com,Female,232.22.160.109
694,Cathleen,Kirwin,ckirwinj9@loc.gov,Female,153.192.110.78
695,Nowell,Varlow,nvarlowja@rakuten.co.jp,Male,115.26.108.112
696,Joanna,Claessens,jclaessensjb@vkontakte.ru,Female,223.75.158.103
697,Kial,McCrorie,kmccroriejc@zimbio.com,Female,18.208.92.12
698,Laurel,Lening,lleningjd@engadget.com,Female,252.188.220.197
699,Melodee,Lehrmann,mlehrmannje@pen.io,Female,125.174.120.233
700,Juliane,Tremethack,jtremethackjf@cnet.com,Female,107.139.200.116
701,Giffard,Cattermole,gcattermolejg@accuweather.com,Male,69.245.102.4
702,Consuelo,Chesser,cchesserjh@usa.gov,Female,15.163.87.12
703,Emeline,Deabill,edeabillji@answers.com,Female,55.211.244.197
704,Bartholemy,Clamp,bclampjj@studiopress.com,Male,179.175.133.56
705,Alix,Stallen,astallenjk@wisc.edu,Male,79.212.59.99
706,Rubi,Sikora,rsikorajl@topsy.com,Female,102.48.57.181
707,Muriel,Wyd,mwydjm@usgs.gov,Female,80.95.13.0
708,Diandra,Stopforth,dstopforthjn@jalbum.net,Female,162.110.2.9
709,Chad,D'Aguanno,cdaguannojo@patch.com,Female,250.67.61.149
710,Gonzalo,Petrenko,gpetrenkojp@imdb.com,Genderqueer,56.80.24.35
711,Cesar,Battaille,cbattaillejq@springer.com,Male,4.7.110.193
712,Piggy,Woodcraft,pwoodcraftjr@nymag.com,Agender,225.89.67.95
713,Josselyn,Feirn,jfeirnjs@nih.gov,Female,35.18.17.58
714,Dannel,Daughton,ddaughtonjt@linkedin.com,Male,77.179.238.54
715,Ailsun,Watmore,awatmoreju@eepurl.com,Female,6.246.82.26
716,Constancia,Selliman,csellimanjv@sciencedaily.com,Female,113.82.252.218
717,Shalne,de Guise,sdeguisejw@shutterfly.com,Female,209.67.101.47
718,Gretel,Colgrave,gcolgravejx@amazon.co.uk,Female,192.91.2.89
719,Scott,Burdess,sburdessjy@unc.edu,Male,149.242.55.188
720,Laurence,Fransemai,lfransemaijz@oakley.com,Male,61.99.50.215
721,Diane,Ibarra,dibarrak0@taobao.com,Female,97.61.100.199
722,Denver,Sate,dsatek1@buzzfeed.com,Male,64.40.210.26
723,Sandy,Pierton,spiertonk2@techcrunch.com,Male,181.152.54.42
724,Ira,Dennis,idennisk3@yandex.ru,Female,124.176.10.232
725,Miguela,de Almeida,mdealmeidak4@naver.com,Female,90.4.19.139
726,Leroi,Turnbull,lturnbullk5@wikispaces.com,Male,208.17.225.10
727,Anallise,McQuarrie,amcquarriek6@mayoclinic.com,Female,70.198.124.88
728,Muffin,Dalliston,mdallistonk7@hubpages.com,Female,26.127.198.229
729,Hilly,Andriolli,handriollik8@flavors.me,Male,4.7.10.121
730,Serge,Roser,sroserk9@home.pl,Male,62.34.68.243
731,Chip,Kinge,ckingeka@desdev.cn,Male,254.76.30.17
732,Louise,Powrie,lpowriekb@illinois.edu,Non-binary,106.226.215.143
733,Norine,Geer,ngeerkc@mysql.com,Female,14.162.139.20
734,Cyb,Cottem,ccottemkd@rambler.ru,Female,181.31.94.232
735,Kylila,Pask,kpaskke@cdc.gov,Female,84.197.193.18
736,Marigold,Olkowicz,molkowiczkf@i2i.jp,Female,155.156.203.118
737,Tomlin,MacAulay,tmacaulaykg@mtv.com,Male,136.29.57.121
738,Ezechiel,Pulver,epulverkh@canalblog.com,Male,201.95.219.103
739,Eli,Hanby,ehanbyki@w3.org,Male,180.251.2.162
740,Ingamar,Daniel,idanielkj@google.it,Male,111.228.16.108
741,Poul,Thomlinson,pthomlinsonkk@123-reg.co.uk,Male,187.240.75.111
742,Lib,Chace,lchacekl@aol.com,Polygender,84.46.9.5
743,Fidelia,Peacop,fpeacopkm@wikimedia.org,Genderqueer,210.113.231.89
744,Alexandre,Chilton,achiltonkn@jalbum.net,Male,130.218.15.177
745,Laureen,Joll,ljollko@gnu.org,Female,57.196.9.227
746,Baily,Taynton,btayntonkp@cargocollective.com,Male,49.127.125.238
747,Lizzie,Karus,lkaruskq@statcounter.com,Female,98.3.217.194
748,Jaymee,Musterd,jmusterdkr@usgs.gov,Female,191.43.110.80
749,Archambault,Pilcher,apilcherks@paypal.com,Male,202.176.53.211
750,Danella,Powner,dpownerkt@qq.com,Bigender,40.155.44.182
751,Kiel,Eyes,keyesku@psu.edu,Male,127.38.147.237
752,Annemarie,Backen,abackenkv@example.com,Female,108.155.187.209
753,Walker,Suermeier,wsuermeierkw@eepurl.com,Male,125.17.122.169
754,Brig,Crisell,bcrisellkx@reddit.com,Male,15.102.102.198
755,Robbie,Allner,rallnerky@state.gov,Male,88.201.153.127
756,Rebe,Logan,rlogankz@xing.com,Female,30.231.71.157
757,Dotty,Thunderchief,dthunderchiefl0@msn.com,Female,38.54.159.111
758,Alida,Foulis,afoulisl1@washington.edu,Female,177.31.10.194
759,Willa,Jemmett,wjemmettl2@army.mil,Female,229.222.128.168
760,Philippe,Dady,pdadyl3@europa.eu,Female,63.180.20.141
761,Davin,Banfill,dbanfilll4@indiegogo.com,Male,68.45.151.253
762,Haydon,Spinetti,hspinettil5@sbwire.com,Male,191.212.247.130
763,Kelley,Gilstin,kgilstinl6@berkeley.edu,Female,159.13.239.110
764,Stafani,Bardwell,sbardwelll7@geocities.jp,Female,155.169.88.115
765,Sherwynd,Cutill,scutilll8@networksolutions.com,Male,232.24.38.112
766,Gerty,Oloshkin,goloshkinl9@army.mil,Female,149.193.231.207
767,Tadio,Barck,tbarckla@vkontakte.ru,Male,209.121.117.95
768,Merwyn,St. Aubyn,mstaubynlb@disqus.com,Male,42.162.41.120
769,Meir,Alfonsetti,malfonsettilc@umich.edu,Male,174.45.118.136
770,Raynell,Brownscombe,rbrownscombeld@mail.ru,Female,139.77.75.221
771,Ileane,Philipsen,iphilipsenle@photobucket.com,Female,216.30.75.4
772,Orran,Holtaway,oholtawaylf@joomla.org,Male,85.148.63.55
773,Melinde,Muneely,mmuneelylg@tuttocitta.it,Female,228.127.132.139
774,Marci,Cutridge,mcutridgelh@php.net,Non-binary,172.130.11.40
775,Peri,Lambregts,plambregtsli@cbsnews.com,Female,190.115.194.93
776,Luciana,Lutty,lluttylj@vinaora.com,Female,20.244.104.186
777,Arlin,Healeas,ahealeaslk@yolasite.com,Male,101.106.44.210
778,Holmes,Londors,hlondorsll@i2i.jp,Male,249.92.252.234
779,Nickolai,Alabastar,nalabastarlm@yelp.com,Agender,13.35.9.12
780,Jethro,Balderston,jbalderstonln@lycos.com,Male,79.59.72.68
781,Glynnis,Swanne,gswannelo@uiuc.edu,Female,147.255.254.16
782,Leonerd,Tarbert,ltarbertlp@abc.net.au,Male,154.159.213.69
783,Cheslie,Petrak,cpetraklq@comcast.net,Female,156.159.147.94
784,Des,Brotherhood,dbrotherhoodlr@tiny.cc,Male,197.32.83.234
785,Mario,Dunton,mduntonls@blog.com,Male,249.250.231.163
786,Moyna,McGuigan,mmcguiganlt@surveymonkey.com,Female,1.134.125.160
787,Nanci,Borer,nborerlu@google.cn,Female,12.12.132.214
788,Dorrie,Cona,dconalv@usnews.com,Female,197.200.228.226
789,Germaine,Jenner,gjennerlw@stumbleupon.com,Male,185.174.176.28
790,Meridith,Engeham,mengehamlx@sitemeter.com,Female,82.92.203.169
791,Gayle,Streetley,gstreetleyly@twitpic.com,Male,175.194.147.149
792,Walsh,Curlis,wcurlislz@telegraph.co.uk,Male,84.0.46.139
793,Cordey,Culham,cculhamm0@indiegogo.com,Female,41.206.56.119
794,Dorette,Fechnie,dfechniem1@springer.com,Female,147.96.73.236
795,Brandyn,Creighton,bcreightonm2@gizmodo.com,Non-binary,8.136.95.52
796,Jeri,Aireton,jairetonm3@live.com,Female,160.116.108.248
797,Gunner,Casaccio,gcasacciom4@java.com,Male,103.169.156.65
798,Nikaniki,Jeffrey,njeffreym5@sakura.ne.jp,Female,189.166.239.238
799,Garrett,Minall,gminallm6@google.com.br,Male,119.72.84.94
800,Itch,Ojeda,iojedam7@chicagotribune.com,Male,247.95.121.127
801,Horacio,McKnish,hmcknishm8@sogou.com,Male,60.183.151.250
802,Roseline,Izak,rizakm9@google.co.jp,Female,8.11.222.17
803,Mohandis,Van't Hoff,mvanthoffma@wired.com,Bigender,236.91.222.139
804,Tiffanie,Calcott,tcalcottmb@patch.com,Female,246.160.255.136
805,Caldwell,Larby,clarbymc@cnn.com,Male,74.243.110.101
806,Rupert,Fiander,rfiandermd@sciencedirect.com,Male,151.162.135.107
807,Kandy,DelaField,kdelafieldme@chronoengine.com,Female,223.97.157.182
808,Guglielmo,Tuma,gtumamf@istockphoto.com,Male,45.174.116.251
809,Krishna,Dugald,kdugaldmg@auda.org.au,Male,46.82.238.64
810,Tarrah,Keech,tkeechmh@shinystat.com,Female,128.112.66.253
811,Lynette,Hillock,lhillockmi@imgur.com,Female,143.205.94.170
812,Orel,De Cristofalo,odecristofalomj@ftc.gov,Female,253.222.109.204
813,Marcelia,Sadd,msaddmk@uiuc.edu,Female,191.191.192.154
814,Mechelle,Smeal,msmealml@hubpages.com,Female,197.204.206.86
815,Baron,Larder,blardermm@bloomberg.com,Male,202.70.11.178
816,Saree,Newdick,snewdickmn@squarespace.com,Female,164.237.250.146
817,Cesaro,Fevers,cfeversmo@zimbio.com,Male,147.44.51.137
818,Rozamond,Curnnok,rcurnnokmp@mozilla.com,Female,248.192.102.177
819,Ruggiero,Colbourn,rcolbournmq@opera.com,Male,53.121.9.83
820,West,Bone,wbonemr@netscape.com,Male,210.11.200.56
821,Elvyn,Stanyland,estanylandms@cbslocal.com,Polygender,198.24.174.61
822,Francois,Joriot,fjoriotmt@t.co,Male,181.147.188.24
823,Rivkah,Calley,rcalleymu@netscape.com,Female,17.167.204.199
824,Elsy,Cordoba,ecordobamv@arstechnica.com,Female,33.79.21.240
825,Lance,Karus,lkarusmw@pcworld.com,Male,23.101.192.21
826,Katrine,Huddles,khuddlesmx@economist.com,Female,80.5.105.217
827,Fay,Iannuzzelli,fiannuzzellimy@furl.net,Female,211.135.139.249
828,Lizzie,Jinkin,ljinkinmz@edublogs.org,Female,254.198.33.61
829,Justis,Grealish,jgrealishn0@ca.gov,Male,220.28.234.176
830,Rabi,Soper,rsopern1@twitter.com,Male,75.120.96.2
831,Jareb,Mc Mechan,jmcmechann2@twitter.com,Male,181.103.96.200
832,Bryana,MacFie,bmacfien3@techcrunch.com,Agender,139.63.104.22
833,Connie,Mateos,cmateosn4@house.gov,Male,39.233.89.98
834,Selena,Lehenmann,slehenmannn5@google.fr,Female,252.138.24.51
835,Del,Minster,dminstern6@hp.com,Female,56.159.143.161
836,Sim,Condict,scondictn7@istockphoto.com,Male,107.34.96.168
837,Virgie,Rizzelli,vrizzellin8@tmall.com,Bigender,170.166.48.18
838,Angel,Ganforthe,aganforthen9@sfgate.com,Female,229.62.144.158
839,Lucias,Rickerby,lrickerbyna@mozilla.org,Male,106.197.50.204
840,Meyer,Faughny,mfaughnynb@live.com,Male,224.184.139.33
841,Hamlen,Pietrasik,hpietrasiknc@prnewswire.com,Male,250.102.41.131
842,Margot,Romanetti,mromanettind@vinaora.com,Female,158.130.34.74
843,Saxon,Espada,sespadane@cisco.com,Genderfluid,44.211.121.189
844,Corbet,Philcox,cphilcoxnf@nymag.com,Male,157.76.14.163
845,Angele,Morlon,amorlonng@marriott.com,Female,185.59.205.172
846,Jolynn,Drynan,jdrynannh@aboutads.info,Female,144.160.141.86
847,Emalia,Novak,enovakni@opensource.org,Female,130.18.206.185
848,Bryn,Weathers,bweathersnj@house.gov,Female,219.232.11.78
849,Bordie,Muckersie,bmuckersienk@jimdo.com,Male,92.206.175.237
850,Herta,Sinderson,hsindersonnl@fotki.com,Female,102.9.221.103
851,Vanny,Cudiff,vcudiffnm@bloglovin.com,Female,93.148.233.183
852,Rockwell,Govan,rgovannn@nydailynews.com,Male,248.198.10.38
853,Querida,Dunstone,qdunstoneno@npr.org,Female,13.17.221.196
854,Gael,Saye,gsayenp@tmall.com,Male,143.60.24.250
855,Grata,Mateu,gmateunq@va.gov,Female,144.178.42.25
856,Verla,Anthonsen,vanthonsennr@utexas.edu,Female,224.3.85.134
857,Sayres,Fricker,sfrickerns@upenn.edu,Male,116.202.62.131
858,Hort,Chessman,hchessmannt@parallels.com,Male,254.161.232.178
859,Elysha,Noell,enoellnu@arizona.edu,Polygender,186.117.81.125
860,Bren,Hansie,bhansienv@time.com,Male,63.211.13.226
861,Alikee,Girsch,agirschnw@addthis.com,Female,220.211.226.214
862,Mabel,Moffet,mmoffetnx@ebay.com,Female,240.53.98.122
863,Dionis,Duchesne,dduchesneny@photobucket.com,Female,173.47.97.129
864,Adams,Sisse,asissenz@edublogs.org,Male,147.95.198.68
865,Gavra,Magor,gmagoro0@booking.com,Female,226.131.216.199
866,Sonny,Darker,sdarkero1@odnoklassniki.ru,Female,71.97.62.242
867,Nikolas,Makiver,nmakivero2@irs.gov,Polygender,143.18.56.114
868,Xenia,McIntosh,xmcintosho3@dion.ne.jp,Female,4.54.2.149
869,Courtney,Ayto,caytoo4@photobucket.com,Male,146.194.30.125
870,Wilmette,Wiggam,wwiggamo5@bbb.org,Female,111.25.250.56
871,Rudie,Giffin,rgiffino6@bing.com,Male,18.194.220.125
872,Min,Lattin,mlattino7@archive.org,Female,193.117.241.207
873,Deidre,Trahearn,dtrahearno8@xing.com,Female,228.90.225.39
874,Zuzana,Atkyns,zatkynso9@fema.gov,Female,29.211.202.55
875,Brant,Fransoni,bfransonioa@earthlink.net,Male,93.105.190.201
876,Giselle,McCart,gmccartob@fema.gov,Female,17.144.155.49
877,Maye,Lewis,mlewisoc@merriam-webster.com,Female,80.20.167.131
878,Nichole,Tattershall,ntattershallod@merriam-webster.com,Female,113.231.174.120
879,Brandtr,Valentelli,bvalentellioe@twitter.com,Male,245.252.47.73
880,Dulcia,Rubinfajn,drubinfajnof@instagram.com,Female,251.6.251.57
881,Terrence,Kiff,tkiffog@dedecms.com,Male,106.183.35.152
882,Coralie,Harrap,charrapoh@independent.co.uk,Female,212.187.8.160
883,Myrtia,Kuhne,mkuhneoi@ovh.net,Female,45.89.65.203
884,Gerti,Vinton,gvintonoj@vimeo.com,Female,148.140.97.141
885,Deidre,Sprowle,dsprowleok@vinaora.com,Female,111.221.122.98
886,Kerry,Kendrick,kkendrickol@slideshare.net,Female,117.79.43.45
887,Arabele,Croker,acrokerom@epa.gov,Female,150.142.70.65
888,Sly,Thewlis,sthewlison@bizjournals.com,Male,70.24.175.221
889,Nananne,Beazer,nbeazeroo@webmd.com,Non-binary,15.254.92.178
890,Odie,Wintringham,owintringhamop@comcast.net,Male,229.213.228.8
891,Chicky,Yepiskov,cyepiskovoq@friendfeed.com,Female,131.251.148.174
892,Gerry,Ferencowicz,gferencowiczor@ow.ly,Bigender,18.222.99.234
893,Fanchon,Barfoot,fbarfootos@ifeng.com,Female,124.250.132.114
894,Farlie,Maylard,fmaylardot@comcast.net,Male,140.231.220.122
895,Alaine,De Matteis,adematteisou@sphinn.com,Female,98.205.115.15
896,Broddy,Gelsthorpe,bgelsthorpeov@columbia.edu,Male,187.250.36.184
897,Cordelie,Bowley,cbowleyow@fc2.com,Female,220.47.255.56
898,Almire,Niesing,aniesingox@reuters.com,Female,39.58.170.86
899,Zollie,Frankes,zfrankesoy@wikispaces.com,Male,65.104.46.112
900,Susana,Bartels-Ellis,sbartelsellisoz@who.int,Female,106.158.201.158
901,Abran,Pinare,apinarep0@google.nl,Male,131.119.114.208
902,Forrester,Meynell,fmeynellp1@europa.eu,Male,54.16.109.197
903,Cy,Leyninye,cleyninyep2@who.int,Agender,13.135.13.4
904,Lurleen,Roblett,lroblettp3@seesaa.net,Female,206.44.134.187
905,Noll,Layton,nlaytonp4@macromedia.com,Male,43.119.86.203
906,Vladimir,Zupa,vzupap5@ning.com,Male,35.64.13.243
907,Frayda,Dovydenas,fdovydenasp6@baidu.com,Female,162.35.36.59
908,Ruy,Purle,rpurlep7@sina.com.cn,Male,83.114.165.202
909,Cookie,Llewellen,cllewellenp8@paginegialle.it,Female,83.41.15.5
910,Dulsea,Carwithan,dcarwithanp9@paginegialle.it,Female,32.65.64.69
911,Norman,Taffe,ntaffepa@plala.or.jp,Agender,134.187.139.141
912,Christine,Le Gassick,clegassickpb@businessweek.com,Female,48.33.39.3
913,Jessamyn,Obeney,jobeneypc@ocn.ne.jp,Female,70.228.216.64
914,Eldridge,Hazard,ehazardpd@army.mil,Male,43.250.197.246
915,Nelson,Burrows,nburrowspe@comsenz.com,Male,245.160.206.203
916,Tucky,Bezley,tbezleypf@1688.com,Male,41.219.2.149
917,Agosto,Bowering,aboweringpg@studiopress.com,Non-binary,199.143.129.88
918,Gayla,Schwanden,gschwandenph@chicagotribune.com,Female,25.79.93.52
919,Phylis,Soffe,psoffepi@army.mil,Female,71.28.27.119
920,Susanna,Du Hamel,sduhamelpj@freewebs.com,Female,186.67.22.98
921,Nero,Honywill,nhonywillpk@illinois.edu,Genderqueer,214.127.151.27
922,Kenn,Redmell,kredmellpl@mayoclinic.com,Male,31.224.14.131
923,Elton,Grayland,egraylandpm@youku.com,Male,236.127.210.107
924,Efrem,Minards,eminardspn@trellian.com,Genderfluid,220.169.208.190
925,Miner,Kick,mkickpo@ihg.com,Male,209.195.153.222
926,Harold,Mainz,hmainzpp@weebly.com,Male,185.245.213.23
927,Henry,Fawcitt,hfawcittpq@illinois.edu,Male,248.42.180.12
928,Huntley,MacGilfoyle,hmacgilfoylepr@illinois.edu,Male,105.236.45.64
929,Ileane,Pickrell,ipickrellps@nationalgeographic.com,Female,17.206.83.122
930,Marianna,Casarili,mcasarilipt@mayoclinic.com,Female,200.97.45.165
931,Diannne,Traher,dtraherpu@theglobeandmail.com,Female,249.225.24.164
932,Magdalen,Torn,mtornpv@ftc.gov,Female,44.2.157.238
933,Hugo,Treleven,htrelevenpw@google.co.jp,Male,20.80.235.191
934,Maureene,Wapple,mwapplepx@exblog.jp,Female,235.33.203.198
935,Rabbi,Liddington,rliddingtonpy@bing.com,Male,222.158.35.25
936,Brendin,Lammert,blammertpz@hibu.com,Male,61.182.36.44
937,Gennifer,Dawson,gdawsonq0@163.com,Female,79.183.83.98
938,Almire,Delahunty,adelahuntyq1@aboutads.info,Genderfluid,10.246.97.138
939,Ailis,Di Franceshci,adifranceshciq2@last.fm,Female,234.33.126.173
940,Court,Culpan,cculpanq3@about.com,Male,99.222.29.149
941,Filippa,Boote,fbooteq4@mac.com,Female,170.51.159.22
942,Eldridge,Ingree,eingreeq5@fema.gov,Male,184.147.17.130
943,Perri,Bigrigg,pbigriggq6@networksolutions.com,Female,29.234.162.135
944,Fae,Covill,fcovillq7@nba.com,Female,91.76.11.98
945,Dalli,Beteriss,dbeterissq8@bbc.co.uk,Male,84.233.222.15
946,Ralph,Boyall,rboyallq9@linkedin.com,Male,26.12.20.3
947,Anastassia,Carren,acarrenqa@sohu.com,Female,118.0.253.177
948,Gerard,Dosedale,gdosedaleqb@techcrunch.com,Male,212.87.29.190
949,Jaquenette,Pedersen,jpedersenqc@mayoclinic.com,Female,21.175.0.233
950,Allsun,Samwaye,asamwayeqd@wordpress.org,Female,124.2.144.90
951,Penn,Thorne,pthorneqe@hatena.ne.jp,Male,74.108.246.245
952,Dougy,Cuningham,dcuninghamqf@networksolutions.com,Male,151.124.91.139
953,Markus,Ivons,mivonsqg@ted.com,Polygender,53.202.82.142
954,Billy,Cull,bcullqh@howstuffworks.com,Male,153.152.155.239
955,Dillie,Gauch,dgauchqi@admin.ch,Male,218.40.53.34
956,Corrie,Okenfold,cokenfoldqj@va.gov,Male,38.133.54.250
957,Abran,Chippindall,achippindallqk@mail.ru,Male,33.22.242.178
958,Karine,Gladstone,kgladstoneql@ezinearticles.com,Female,121.140.14.217
959,Marshal,Gribbon,mgribbonqm@hugedomains.com,Male,215.96.212.103
960,Joyann,Redferne,jredferneqn@shutterfly.com,Female,163.245.67.17
961,Ignacius,Halleday,ihalledayqo@msu.edu,Male,48.115.170.184
962,Vittorio,Nicklen,vnicklenqp@mozilla.com,Male,27.186.238.130
963,Ellery,Fowlestone,efowlestoneqq@google.cn,Male,137.61.221.8
964,Cathy,Farish,cfarishqr@paypal.com,Female,251.61.34.166
965,Pren,Arstall,parstallqs@sun.com,Male,116.237.248.131
966,Ronica,Jardein,rjardeinqt@ycombinator.com,Female,108.38.124.19
967,Bradney,Godehard.sf,bgodehardsfqu@woothemes.com,Male,221.119.246.2
968,Christalle,Clotworthy,cclotworthyqv@reference.com,Female,126.234.179.178
969,Geneva,Kunes,gkunesqw@apple.com,Female,14.227.206.191
970,Dolores,Deas,ddeasqx@google.cn,Female,203.242.222.18
971,Jehu,Old,joldqy@indiegogo.com,Male,26.101.98.127
972,Broderic,Petrasso,bpetrassoqz@ocn.ne.jp,Male,90.31.198.67
973,Cinda,MacGoun,cmacgounr0@alibaba.com,Female,56.160.108.1
974,Gabriello,Polo,gpolor1@disqus.com,Bigender,93.230.0.7
975,Lurette,Nisuis,lnisuisr2@tumblr.com,Female,122.224.92.113
976,Lula,Agates,lagatesr3@marketwatch.com,Female,19.121.153.148
977,Nap,MacNeill,nmacneillr4@netscape.com,Male,110.240.209.191
978,Izak,Lyptrade,ilyptrader5@51.la,Male,134.249.218.197
979,Dre,Aizic,daizicr6@noaa.gov,Female,157.58.170.185
980,Mureil,Haglington,mhaglingtonr7@yahoo.co.jp,Female,172.225.80.248
981,Hilliary,Bettington,hbettingtonr8@sina.com.cn,Female,215.44.86.135
982,Jeremie,Piell,jpiellr9@cdc.gov,Male,147.47.60.59
983,Lawton,Soans,lsoansra@uiuc.edu,Male,201.44.104.24
984,Rodrique,Jewer,rjewerrb@example.com,Non-binary,238.8.29.41
985,Alberto,de Mendoza,ademendozarc@youku.com,Male,25.58.117.82
986,Rik,Bruhke,rbruhkerd@vk.com,Male,77.252.160.48
987,Aimee,Ferrarese,aferraresere@godaddy.com,Female,169.99.74.87
988,Morey,Popelay,mpopelayrf@businessinsider.com,Male,70.26.176.38
989,Peterus,Silk,psilkrg@flickr.com,Male,27.197.45.39
990,Alane,Dytham,adythamrh@dropbox.com,Genderfluid,244.188.57.224
991,Dominic,Armer,darmerri@google.fr,Male,162.159.200.161
992,Sean,Forst,sforstrj@un.org,Male,54.22.147.30
993,Dori,Grimmer,dgrimmerrk@instagram.com,Female,54.154.53.135
994,Alfredo,Polon,apolonrl@google.com.au,Male,36.217.170.82
995,Danit,Jakubowsky,djakubowskyrm@washington.edu,Female,26.175.113.140
996,Shaina,Hinckesman,shinckesmanrn@canalblog.com,Female,6.84.166.253
997,Jillene,Ivers,jiversro@wisc.edu,Female,40.59.91.166
998,Monti,Bukac,mbukacrp@lycos.com,Male,75.229.156.65
999,Verge,Oxbe,voxberq@clickbank.net,Genderfluid,143.212.63.238
1000,Maddy,Kamall,mkamallrr@paypal.com,Female,47.212.81.220
